{"cameraMode":{"drawMode":0,"name":"Shaded","section":"Shading Mode"},"sceneLighting":true,"audioPlay":false,"sceneViewState":{"m_AlwaysRefresh":false,"showFog":true,"showSkybox":true,"showFlares":true,"showImageEffects":true,"showParticleSystems":true,"showVisualEffectGraphs":true,"m_FxEnabled":true},"in2DMode":false,"pivot":{"x":1.5648245811462403,"y":1.2440910339355469,"z":1.029611587524414},"rotation":{"x":-0.10527978837490082,"y":0.31695446372032168,"z":-0.03542580083012581,"w":-0.941917896270752},"size":5.3747429847717289,"orthographic":false}